0,kd,p,ə
0.307664399582766,hho,t,i
0.993378684582766,kd,p,ə
1.35328798158277,kd,p,ə
1.70195011358277,hho,t,i
2.43229024958277,kd,p,ə
2.77043083858277,kd,p,ə
3.12725623558277,sd,t,e
3.45687074858277,hho,t,x
3.79791383258277,hhc,tʃ,I
4.55111111158277,kd,p,ə
4.91827664358277,kd,p,ə
5.56698412658277,hho,t,i
6.24907029458277,kd,p,ə
6.59736961458277,kd,p,ə
6.96235827658277,hho,t,i
7.33133786858277,hhc,tʃ,x
7.67909297058277,hhc,tʃ,x
